id,title,content,created_at,updated_at
1,Note 1,This is the content of note 1,2024-03-12 10:00:00,2024-03-12 10:00:00
2,Note 2,This is the content of note 2,2024-03-12 10:00:01,2024-03-12 10:00:01
3,Note 3,This is the content of note 3,2024-03-12 10:00:02,2024-03-12 10:00:02
4,Note 4,This is the content of note 4,2024-03-12 10:00:03,2024-03-12 10:00:03
5,Note 5,This is the content of note 5,2024-03-12 10:00:04,2024-03-12 10:00:04
6,Note 6,This is the content of note 6,2024-03-12 10:00:05,2024-03-12 10:00:05
7,Note 7,This is the content of note 7,2024-03-12 10:00:06,2024-03-12 10:00:06
8,Note 8,This is the content of note 8,2024-03-12 10:00:07,2024-03-12 10:00:07
9,Note 9,This is the content of note 9,2024-03-12 10:00:08,2024-03-12 10:00:08
10,Note 10,This is the content of note 10,2024-03-12 10:00:09,2024-03-12 10:00:09
